{
  "version": 1,
  "width": 90,
  "height": 20,
  "duration": 41.822874,
  "command": null,
  "title": null,
  "env": {
    "TERM": "xterm-256color",
    "SHELL": "/bin/zsh"
  },
  "stdout": [
    [
      0.5,
      "\u001b[1m\u001b[7m%\u001b[27m\u001b[1m\u001b[0m                                                                                         \r \r\u001b]2;corstijank@corstijank01-2: ~\u0007\u001b]1;~\u0007"
    ],
    [
      0.019852,
      "\r\u001b[0m\u001b[27m\u001b[24m\u001b[J\u001b[1m\u001b[35m~\u001b[1m\u001b[32m\u001b[1m\u001b[35m \u001b[00m% \u001b[K"
    ],
    [
      2.5e-05,
      "\u001b[?1h\u001b="
    ],
    [
      0.00027,
      "\u001b[?2004h"
    ],
    [
      0.485601,
      "d"
    ],
    [
      0.079344,
      "\bdo"
    ],
    [
      0.136965,
      "c"
    ],
    [
      0.071658,
      "k"
    ],
    [
      0.159276,
      "e"
    ],
    [
      0.072046,
      "r"
    ],
    [
      0.120052,
      " "
    ],
    [
      0.032782,
      "p"
    ],
    [
      0.135076,
      "s"
    ],
    [
      0.152676,
      "\u001b[?1l\u001b>"
    ],
    [
      3.7e-05,
      "\u001b[?2004l\r\r\n"
    ],
    [
      0.001326,
      "\u001b]2;docker ps\u0007\u001b]1;docker\u0007"
    ],
    [
      0.017298,
      "CONTAINER ID        IMAGE                                   COMMAND             CREATED             STATUS              PORTS                    NAMES\r\n3867dc667ce4        corstijank/blog-dotnet-jenkins:2.0-19   \"./TodoApi\"         39 hours ago"
    ],
    [
      3e-05,
      "        Up 23 minutes       0.0.0.0:5000->5000/tcp   todo-api\r\n"
    ],
    [
      0.001995,
      "\u001b[1m\u001b[7m%\u001b[27m\u001b[1m\u001b[0m                                                                                         \r \r"
    ],
    [
      0.000139,
      "\u001b]2;corstijank@corstijank01-2: ~\u0007\u001b]1;~\u0007"
    ],
    [
      0.015355,
      "\r\u001b[0m\u001b[27m\u001b[24m\u001b[J\u001b[1m\u001b[35m~\u001b[1m\u001b[32m\u001b[1m\u001b[35m \u001b[00m% \u001b[K"
    ],
    [
      3.5e-05,
      "\u001b[?1h\u001b=\u001b[?2004h"
    ],
    [
      0.5,
      "h"
    ],
    [
      0.080062,
      "\bht"
    ],
    [
      0.127276,
      "t"
    ],
    [
      0.088149,
      "p"
    ],
    [
      0.184426,
      " "
    ],
    [
      0.128427,
      "g"
    ],
    [
      0.102811,
      "e"
    ],
    [
      0.088919,
      "t"
    ],
    [
      0.080006,
      " "
    ],
    [
      0.183625,
      "l"
    ],
    [
      0.176323,
      "o"
    ],
    [
      0.071955,
      "c"
    ],
    [
      0.19187,
      "l"
    ],
    [
      0.495217,
      "\b \b"
    ],
    [
      0.120823,
      "a"
    ],
    [
      0.175324,
      "l"
    ],
    [
      0.5,
      "h"
    ],
    [
      0.047866,
      "o"
    ],
    [
      0.135476,
      "s"
    ],
    [
      0.087834,
      "t"
    ],
    [
      0.231898,
      ":"
    ],
    [
      0.247937,
      "5"
    ],
    [
      0.336917,
      "0"
    ],
    [
      0.152041,
      "0"
    ],
    [
      0.15173,
      "0"
    ],
    [
      0.271385,
      "/"
    ],
    [
      0.104896,
      "a"
    ],
    [
      0.119687,
      "p"
    ],
    [
      0.17548,
      "i"
    ],
    [
      0.216591,
      "/"
    ],
    [
      0.191785,
      "t"
    ],
    [
      0.079434,
      "o"
    ],
    [
      0.120452,
      "d"
    ],
    [
      0.088358,
      "o"
    ],
    [
      0.352056,
      "\u001b[?1l\u001b>"
    ],
    [
      3.6e-05,
      "\u001b[?2004l\r\r\n"
    ],
    [
      0.002071,
      "\u001b]2;http get localhost:5000/api/todo\u0007\u001b]1;http\u0007"
    ],
    [
      0.280496,
      "\u001b[38;5;33mHTTP\u001b[39m\u001b[38;5;245m/\u001b[39m\u001b[38;5;37m1.1\u001b[39m\u001b[38;5;245m \u001b[39m\u001b[38;5;37m200\u001b[39m\u001b[38;5;245m \u001b[39m\u001b[38;5;136mOK\u001b[39m\r\n\u001b[38;5;245mContent-Type\u001b[39m\u001b[38;5;245m:\u001b[39m\u001b[38;5;245m \u001b[39m\u001b[38;5;37mapplication/json; charset=utf-8\u001b[39m\r\n\u001b[38;5;245mDate\u001b[39m\u001b[38;5;245m:\u001b[39m\u001b[38;5;245m \u001b[39m\u001b[38;5;37mSat, 28 Jan 2017 04:48:29 GMT\u001b[39m\r\n\u001b[38;5;245mServer\u001b[39m\u001b[38;5;245m:\u001b[39m\u001b[38;5;245m \u001b[39m\u001b[38;5;37mKestrel\u001b[39m\r\n\u001b[38;5;245mTransfer-Encoding\u001b[39m\u001b[38;5;245m:\u001b[39m\u001b[38;5;245m \u001b[39m\u001b[38;5;37mchunked\u001b[39m\r\r\n\r\r\n"
    ],
    [
      0.002351,
      "\u001b[38;5;245m[\u001b[39m\u001b[38;5;245m]\u001b[39m\r\n\r\n"
    ],
    [
      0.022638,
      "\u001b[1m\u001b[7m%\u001b[27m\u001b[1m\u001b[0m                                                                                         \r \r"
    ],
    [
      8.2e-05,
      "\u001b]2;corstijank@corstijank01-2: ~\u0007\u001b]1;~\u0007"
    ],
    [
      0.011733,
      "\r\u001b[0m\u001b[27m\u001b[24m\u001b[J\u001b[1m\u001b[35m~\u001b[1m\u001b[32m\u001b[1m\u001b[35m \u001b[00m% \u001b[K"
    ],
    [
      1.8e-05,
      "\u001b[?1h\u001b=\u001b[?2004h"
    ],
    [
      0.5,
      "h"
    ],
    [
      0.144004,
      "\bht"
    ],
    [
      0.136179,
      "t"
    ],
    [
      0.063425,
      "p"
    ],
    [
      0.160409,
      " "
    ],
    [
      0.20806,
      "p"
    ],
    [
      0.17595,
      "o"
    ],
    [
      0.071229,
      "s"
    ],
    [
      0.112607,
      "t"
    ],
    [
      0.168027,
      " "
    ],
    [
      0.208412,
      "l"
    ],
    [
      0.16695,
      "o"
    ],
    [
      0.064788,
      "c"
    ],
    [
      0.079987,
      "a"
    ],
    [
      0.112189,
      "l"
    ],
    [
      0.151589,
      "h"
    ],
    [
      0.071432,
      "o"
    ],
    [
      0.097052,
      "s"
    ],
    [
      0.055742,
      "t"
    ],
    [
      0.224095,
      ":"
    ],
    [
      0.21577,
      "5"
    ],
    [
      0.080264,
      "0"
    ],
    [
      0.151833,
      "0"
    ],
    [
      0.144006,
      "0"
    ],
    [
      0.247964,
      "/"
    ],
    [
      0.167897,
      "a"
    ],
    [
      0.088266,
      "p"
    ],
    [
      0.199987,
      "i"
    ],
    [
      0.191898,
      "/"
    ],
    [
      0.183691,
      "t"
    ],
    [
      0.088201,
      "o"
    ],
    [
      0.08005,
      "d"
    ],
    [
      0.096091,
      "o"
    ],
    [
      0.5,
      " "
    ],
    [
      0.5,
      "n"
    ],
    [
      0.112829,
      "a"
    ],
    [
      0.095913,
      "m"
    ],
    [
      0.096196,
      "e"
    ],
    [
      0.375314,
      "="
    ],
    [
      0.399873,
      "\""
    ],
    [
      0.5,
      "C"
    ],
    [
      0.5,
      "r"
    ],
    [
      0.072015,
      "e"
    ],
    [
      0.143231,
      "a"
    ],
    [
      0.184836,
      "t"
    ],
    [
      0.110935,
      "e"
    ],
    [
      0.23284,
      " "
    ],
    [
      0.096209,
      "a"
    ],
    [
      0.247889,
      " "
    ],
    [
      0.407181,
      "b"
    ],
    [
      0.088679,
      "l"
    ],
    [
      0.184008,
      "o"
    ],
    [
      0.040228,
      "g"
    ],
    [
      0.166896,
      " "
    ],
    [
      0.05688,
      "p"
    ],
    [
      0.143548,
      "o"
    ],
    [
      0.112609,
      "s"
    ],
    [
      0.111163,
      "t"
    ],
    [
      0.5,
      "\""
    ],
    [
      0.5,
      "\u001b[?1l\u001b>"
    ],
    [
      8.2e-05,
      "\u001b[?2004l\r\r\n"
    ],
    [
      0.000891,
      "\u001b]2;http post localhost:5000/api/todo name=\"Create a blog post\"\u0007\u001b]1;http\u0007"
    ],
    [
      0.285806,
