{
  "version": 1,
  "width": 90,
  "height": 10,
  "duration": 10.792571,
  "command": null,
  "title": null,
  "env": {
    "TERM": "xterm-256color",
    "SHELL": "/bin/zsh"
  },
  "stdout": [
    [
      0.752947,
      "\u001b[1m\u001b[7m%\u001b[27m\u001b[1m\u001b[0m                                                                                         \r \r\u001b]2;corstijank@corstijank01-2: ~\u0007"
    ],
    [
      8.2e-05,
      "\u001b]1;~\u0007"
    ],
    [
      0.022354,
      "\r\u001b[0m\u001b[27m\u001b[24m\u001b[J\u001b[1m\u001b[35m~\u001b[1m\u001b[32m\u001b[1m\u001b[35m \u001b[00m% \u001b[K"
    ],
    [
      2.3e-05,
      "\u001b[?1h\u001b=\u001b[?2004h"
    ],
    [
      0.570105,
      "d"
    ],
    [
      0.103009,
      "\bdo"
    ],
    [
      0.08796,
      "c"
    ],
    [
      0.087934,
      "k"
    ],
    [
      0.136074,
      "e"
    ],
    [
      0.048038,
      "r"
    ],
    [
      0.095942,
      " "
    ],
    [
      0.096016,
      "r"
    ],
    [
      0.080129,
      "u"
    ],
    [
      0.18391,
      "n"
    ],
    [
      0.111841,
      " "
    ],
    [
      0.128382,
      "-"
    ],
    [
      0.183661,
      "i"
    ],
    [
      0.111974,
      "t"
    ],
    [
      0.103938,
      " "
    ],
    [
      0.26413,
      "c"
    ],
    [
      0.071895,
      "o"
    ],
    [
      0.095869,
      "r"
    ],
    [
      0.152219,
      "s"
    ],
    [
      0.111982,
      "t"
    ],
    [
      0.056001,
      "i"
    ],
    [
      0.079753,
      "j"
    ],
    [
      0.080345,
      "a"
    ],
    [
      0.079859,
      "n"
    ],
    [
      0.072092,
      "k"
    ],
    [
      0.207963,
      "/"
    ],
    [
      0.160289,
      "b"
    ],
    [
      0.062811,
      "l"
    ],
    [
      0.168966,
      "o"
    ],
    [
      0.119881,
      "g"
    ],
    [
      0.207871,
      "-"
    ],
    [
      0.224065,
      "d"
    ],
    [
      0.096039,
      "o"
    ],
    [
      0.151957,
      "t"
    ],
    [
      0.127917,
      "n"
    ],
    [
      0.087984,
      "e"
    ],
    [
      0.096097,
      "t"
    ],
    [
      0.112173,
      "-"
    ],
    [
      0.183945,
      "j"
    ],
    [
      0.095932,
      "e"
    ],
    [
      0.104021,
      "n"
    ],
    [
      0.071904,
      "k"
    ],
    [
      0.135914,
      "i"
    ],
    [
      0.064178,
      "n"
    ],
    [
      0.103912,
      "s"
    ],
    [
      0.448132,
      ":"
    ],
    [
      0.295848,
      "l"
    ],
    [
      0.12731,
      "a"
    ],
    [
      0.160653,
      "t"
    ],
    [
      0.080053,
      "e"
    ],
    [
      0.151924,
      "s"
    ],
    [
      0.08802,
      "t"
    ],
    [
      1.159808,
      "\u001b[?1l\u001b>"
    ],
    [
      5.8e-05,
      "\u001b[?2004l\r\r\n"
    ],
    [
      0.001252,
      "\u001b]2;docker run -it corstijank/blog-dotnet-jenkins:latest\u0007\u001b]1;docker\u0007"
    ],
    [
      0.615104,
      "Hello World!\r\n"
    ],
    [
      0.514943,
      "\u001b[1m\u001b[7m%\u001b[27m\u001b[1m\u001b[0m                                                                                         \r \r"
    ],
    [
      2.4e-05,
      "\u001b]2;corstijank@corstijank01-2: ~\u0007"
    ],
    [
      2.5e-05,
      "\u001b]1;~\u0007"
    ],
    [
      0.015729,
      "\r\u001b[0m\u001b[27m\u001b[24m\u001b[J\u001b[1m\u001b[35m~\u001b[1m\u001b[32m\u001b[1m\u001b[35m \u001b[00m% \u001b[K\u001b[?1h\u001b="
    ],
    [
      2.1e-05,
      "\u001b[?2004h"
    ],
    [
      0.556685,
      "\u001b[?2004l\r\r\n"
    ]
  ]
}