{
  "version": 1,
  "width": 90,
  "height": 20,
  "duration": 40.434887,
  "command": null,
  "title": null,
  "env": {
    "TERM": "xterm-256color",
    "SHELL": "/bin/zsh"
  },
  "stdout": [
    [
      0.5,
      "\u001b[1m\u001b[7m%\u001b[27m\u001b[1m\u001b[0m                                                                                         \r \r\u001b]2;corstijank@corstijank01-2: ~\u0007\u001b]1;~\u0007"
    ],
    [
      0.021396,
      "\r\u001b[0m\u001b[27m\u001b[24m\u001b[J\u001b[1m\u001b[35m~\u001b[1m\u001b[32m\u001b[1m\u001b[35m \u001b[00m% \u001b[K"
    ],
    [
      2.8e-05,
      "\u001b[?1h\u001b="
    ],
    [
      2.7e-05,
      "\u001b[?2004h"
    ],
    [
      0.5,
      "d"
    ],
    [
      0.072021,
      "\bdo"
    ],
    [
      0.135983,
      "c"
    ],
    [
      0.063982,
      "k"
    ],
    [
      0.152042,
      "e"
    ],
    [
      0.071952,
      "r"
    ],
    [
      0.120108,
      " "
    ],
    [
      0.24789,
      "p"
    ],
    [
      0.112132,
      "s"
    ],
    [
      0.311815,
      "\u001b[?1l\u001b>"
    ],
    [
      3.4e-05,
      "\u001b[?2004l\r\r\n"
    ],
    [
      0.001224,
      "\u001b]2;docker ps\u0007\u001b]1;docker\u0007"
    ],
    [
      0.017412,
      "NAMES                   IMAGE\r\nproduction_todo-api_1   corstijank/blog-dotnet-jenkins:2.0-59\r\nproduction_mssql_1      microsoft/mssql-server-linux\r\n"
    ],
    [
      0.001561,
      "\u001b[1m\u001b[7m%\u001b[27m\u001b[1m\u001b[0m                                                                                         \r \r"
    ],
    [
      0.000131,
      "\u001b]2;corstijank@corstijank01-2: ~\u0007"
    ],
    [
      1.2e-05,
      "\u001b]1;~\u0007"
    ],
    [
      0.013232,
      "\r\u001b[0m\u001b[27m\u001b[24m\u001b[J\u001b[1m\u001b[35m~\u001b[1m\u001b[32m\u001b[1m\u001b[35m \u001b[00m% \u001b[K\u001b[?1h\u001b="
    ],
    [
      2.2e-05,
      "\u001b[?2004h"
    ],
    [
      0.5,
      "h"
    ],
    [
      0.127916,
      "\bht"
    ],
    [
      0.167803,
      "t"
    ],
    [
      0.096115,
      "p"
    ],
    [
      0.5,
      " "
    ],
    [
      0.280183,
      "g"
    ],
    [
      0.104069,
      "e"
    ],
    [
      0.079716,
      "t"
    ],
    [
      0.071075,
      " "
    ],
    [
      0.193231,
      "l"
    ],
    [
      0.192042,
      "o"
    ],
    [
      0.103935,
      "c"
    ],
    [
      0.087948,
      "a"
    ],
    [
      0.127712,
      "l"
    ],
    [
      0.456253,
      "h"
    ],
    [
      0.05611,
      "o"
    ],
    [
      0.095954,
      "s"
    ],
    [
      0.079875,
      "t"
    ],
    [
      0.320047,
      ":"
    ],
    [
      0.5,
      "5"
    ],
    [
      0.175923,
      "5"
    ],
    [
      0.5,
      "\b \b"
    ],
    [
      0.224976,
      "0"
    ],
    [
      0.144021,
      "0"
    ],
    [
      0.480108,
      "0"
    ],
    [
      0.327881,
      "/"
    ],
    [
      0.112071,
      "a"
    ],
    [
      0.095667,
      "p"
    ],
    [
      0.192273,
      "i"
    ],
    [
      0.279866,
      "/"
    ],
    [
      0.167923,
      "t"
    ],
    [
      0.088123,
      "o"
    ],
    [
      0.103914,
      "d"
    ],
    [
      0.080097,
      "o"
    ],
    [
      0.303895,
      "\u001b[?1l\u001b>"
    ],
    [
      3.3e-05,
      "\u001b[?2004l\r\r\n"
    ],
    [
      0.000957,
      "\u001b]2;http get localhost:5000/api/todo\u0007\u001b]1;http\u0007"
    ],
    [
      0.304958,
      "\u001b[38;5;33mHTTP\u001b[39m\u001b[38;5;245m/\u001b[39m\u001b[38;5;37m1.1\u001b[39m\u001b[38;5;245m \u001b[39m\u001b[38;5;37m200\u001b[39m\u001b[38;5;245m \u001b[39m\u001b[38;5;136mOK\u001b[39m\r\n\u001b[38;5;245mContent-Type\u001b[39m\u001b[38;5;245m:\u001b[39m\u001b[38;5;245m \u001b[39m\u001b[38;5;37mapplication/json; charset=utf-8\u001b[39m\r\n\u001b[38;5;245mDate\u001b[39m\u001b[38;5;245m:\u001b[39m\u001b[38;5;245m \u001b[39m\u001b[38;5;37mSun, 05 Mar 2017 22:09:32 GMT\u001b[39m\r\n\u001b[38;5;245mServer\u001b[39m\u001b[38;5;245m:\u001b[39m\u001b[38;5;245m \u001b[39m\u001b[38;5;37mKestrel\u001b[39m\r\n\u001b[38;5;245mTransfer-Encoding\u001b[39m\u001b[38;5;245m:\u001b[39m\u001b[38;5;245m \u001b[39m\u001b[38;5;37mchunked\u001b[39m\r\r\n\r\r\n"
    ],
    [
      0.002338,
      "\u001b[38;5;245m[\u001b[39m\u001b[38;5;245m]\u001b[39m\r\n\r\n"
    ],
    [
      0.024493,
      "\u001b[1m\u001b[7m%\u001b[27m\u001b[1m\u001b[0m                                                                                         \r \r"
    ],
    [
      0.000168,
      "\u001b]2;corstijank@corstijank01-2: ~\u0007\u001b]1;~\u0007"
    ],
    [
      0.012718,
      "\r\u001b[0m\u001b[27m\u001b[24m\u001b[J\u001b[1m\u001b[35m~\u001b[1m\u001b[32m\u001b[1m\u001b[35m \u001b[00m% \u001b[K"
    ],
    [
      1.8e-05,
      "\u001b[?1h\u001b=\u001b[?2004h"
    ],
    [
      0.5,
      "h"
    ],
    [
      0.176095,
      "\bht"
    ],
    [
      0.143913,
      "t"
    ],
    [
      0.494944,
      "p"
    ],
    [
      0.176892,
      " "
    ],
    [
      0.080187,
      "p"
    ],
    [
      0.159988,
      "o"
    ],
    [
      0.071998,
      "s"
    ],
    [
      0.072085,
      "t"
    ],
    [
      0.151719,
      " "
    ],
    [
      0.272066,
      "l"
    ],
    [
      0.152013,
      "o"
    ],
    [
      0.072019,
      "c"
    ],
    [
      0.072085,
      "a"
    ],
    [
      0.111851,
      "l"
    ],
    [
      0.15219,
      "h"
    ],
    [
      0.0638,
      "o"
    ],
    [
      0.152115,
      "s"
    ],
    [
      0.072039,
      "t"
    ],
    [
      0.255968,
      ":"
    ],
    [
      0.5,
      "5"
    ],
    [
      0.111761,
      "0"
    ],
    [
      0.152177,
      "0"
    ],
    [
      0.128006,
      "0"
    ],
    [
      0.5,
      "/"
    ],
    [
      0.208068,
      "a"
    ],
    [
      0.064079,
      "p"
    ],
    [
      0.48722,
      "i"
    ],
    [
      0.216357,
      "/"
    ],
    [
      0.128375,
      "t"
    ],
    [
      0.080108,
      "o"
    ],
    [
      0.079791,
      "d"
    ],
    [
      0.096188,
      "o"
    ],
    [
      0.223728,
      " "
    ],
    [
      0.160013,
      "n"
    ],
    [
      0.071367,
      "a"
    ],
    [
      0.096688,
      "m"
    ],
    [
      0.080264,
      "e"
    ],
    [
      0.191503,
      "="
    ],
    [
      0.472519,
      "\""
    ],
    [
      0.463675,
      "c"
    ],
    [
      0.096098,
      "h"
    ],
    [
      0.096055,
      "e"
    ],
    [
      0.152015,
      "c"
    ],
    [
      0.071778,
      "k"
    ],
    [
      0.07999,
      " "
    ],
    [
      0.096202,
      "t"
    ],
    [
      0.071923,
      "h"
    ],
    [
      0.079984,
      "e"
    ],
    [
      0.079762,
      " "
    ],
    [
      0.112136,
      "d"
    ],
    [
      0.208009,
      "t"
    ],
    [
      0.376221,
      "a"
    ],
    [
      0.3029,
      "\b \b"
    ],
    [
      0.135822,
      "\b \b"
    ],
    [
      0.145142,
      "a"
    ],
    [
      0.18386,
      "t"
    ],
    [
      0.096209,
      "a"
    ],
    [
      0.135941,
      "b"
    ],
    [
      0.127887,
      "a"
    ],
    [
      0.152198,
      "s"
    ],
    [
      0.079887,
      "e"
    ],
    [
      0.295276,
      ","
    ],
    [
      0.10439,
      " "
    ],
    [
      0.152086,
      "d"
    ],
    [
      0.17624,
      "u"
    ],
    [
      0.191837,
      "m"
    ],
    [
      0.119963,
      "m"
    ],
    [
      0.200147,
      "y"
    ],
    [
      0.376063,
      "\""
    ],
    [
      0.447821,
      "\u001b[?1l\u001b>"
    ],
    [
      3.5e-05,
      "\u001b[?2004l\r\r\n"
    ],
    [
      0.001013,
      "\u001b]2;http post localhost:5000/api/todo name=\"check the database, dummy\"\u0007\u001b]1;http\u0007"
    ],
    [
      0.298325,
